timestamp_sec,temporal_probability,image_path,camera_id,location,latitude,longitude,vehicles,fire_regions,plate_text,plate_image_path,nearest_hospital,nearest_police_station,legacy_classifier
4.37,0.263,accident_frames\accident_4.37s_0.26.jpg,PC_WEBCAM_VIDEO,"Meerut, Uttar Pradesh, India",28.9834,77.706,"car,car,car,car,car,car,car",0,Not Detected,,Unavailable,Unavailable,Accident:0.6293
4.4,0.2555,accident_frames\accident_4.40s_0.26.jpg,PC_WEBCAM_VIDEO,"Meerut, Uttar Pradesh, India",28.9834,77.706,"car,car,car,car,car,car",0,Not Detected,,Unavailable,Unavailable,Accident:0.6217
4.43,0.2499,accident_frames\accident_4.43s_0.25.jpg,PC_WEBCAM_VIDEO,"Meerut, Uttar Pradesh, India",28.9834,77.706,"car,car,car,car,car,car,car",0,Not Detected,,Unavailable,Unavailable,Accident:0.8381
4.47,0.2445,accident_frames\accident_4.47s_0.24.jpg,PC_WEBCAM_VIDEO,"Meerut, Uttar Pradesh, India",28.9834,77.706,"car,car,car,car,car,car,car",0,Not Detected,,Unavailable,Unavailable,Accident:0.8970
4.5,0.2446,accident_frames\accident_4.50s_0.24.jpg,PC_WEBCAM_VIDEO,"Meerut, Uttar Pradesh, India",28.9834,77.706,"car,car,car,car,car,car,car,car,car",0,Not Detected,,Unavailable,Unavailable,Accident:0.9496
4.53,0.2444,accident_frames\accident_4.53s_0.24.jpg,PC_WEBCAM_VIDEO,"Meerut, Uttar Pradesh, India",28.9834,77.706,"car,car,car,car,car,car,car,car,car",0,Not Detected,,Unavailable,Unavailable,Accident:0.9491
4.57,0.2407,accident_frames\accident_4.57s_0.24.jpg,PC_WEBCAM_VIDEO,"Meerut, Uttar Pradesh, India",28.9834,77.706,"car,car,car,car,car,car",0,Not Detected,,Unavailable,Unavailable,Accident:0.9579
4.6,0.2351,accident_frames\accident_4.60s_0.24.jpg,PC_WEBCAM_VIDEO,"Meerut, Uttar Pradesh, India",28.9834,77.706,"car,car,car,car,car,car,car",0,Not Detected,,Unavailable,Unavailable,Accident:0.9787
4.63,0.2333,accident_frames\accident_4.63s_0.23.jpg,PC_WEBCAM_VIDEO,"Meerut, Uttar Pradesh, India",28.9834,77.706,"car,car,car,car,car,car,car,car,car",0,Not Detected,,Unavailable,Unavailable,Accident:0.9730
